fold_id,grupo,atributos,modelos,ganho_medio
1,Retornos,9,65,0.10245155427318524
1,Volatilidade,8,65,0.27624384828023707
1,Médias exponenciais,11,65,0.2200736461543896
1,Oscilação e amplitude,2,65,0.054651737264999112
1,Extremos e canais,12,65,0.28941977112736639
1,Eficiência de tendência,4,65,0.031506937391726747
1,Aceleração e expansão,3,65,0.017345337724791254
1,Volume,3,65,0.0083071677833045955
2,Retornos,9,65,0.089829147799084963
2,Volatilidade,8,65,0.29713186030517941
2,Médias exponenciais,11,65,0.18799402654751271
2,Oscilação e amplitude,2,65,0.048472770438208933
2,Extremos e canais,12,65,0.31849257278321741
2,Eficiência de tendência,4,65,0.03540857394175672
2,Aceleração e expansão,3,65,0.016129456647363205
2,Volume,3,65,0.0065415915376766127
3,Retornos,9,65,0.093438311910556737
3,Volatilidade,8,65,0.29349875807774056
3,Médias exponenciais,11,65,0.18220664480684459
3,Oscilação e amplitude,2,65,0.050697247090978267
3,Extremos e canais,12,65,0.32459909971762418
3,Eficiência de tendência,4,65,0.031879022333967486
3,Aceleração e expansão,3,65,0.016478697316792933
3,Volume,3,65,0.0072022187454952149
