acquiree_cusip,acquiree_symbol,acquirer_cusip,acquirer_symbol,action_type,cusip,effective_date,ex_date,foreign,id,payable_date,process_date,rate,record_date,source_array,special,symbol
,,,,cash_dividend,,,2016-03-08,False,23af9e9c-0884-46e1-9026-1959081a923c,,2016-03-08,0.69,,cash_dividends,False,HD
,,,,cash_dividend,,,2016-05-31,False,ae847ddb-a008-4e34-96fc-5ffc338e9c05,,2016-05-31,0.69,,cash_dividends,False,HD
,,,,cash_dividend,,,2016-08-30,False,e924eea4-26bc-4595-abad-a00b2b6b7df5,,2016-08-30,0.69,,cash_dividends,False,HD
,,,,cash_dividend,,,2016-11-29,False,189a03ca-cbaf-4f54-9d8d-34979443a572,,2016-11-29,0.69,,cash_dividends,False,HD
,,,,cash_dividend,,,2017-03-07,False,0cf7987f-8cce-4530-9b9f-b341af02fa73,,2017-03-07,0.89,,cash_dividends,False,HD
,,,,cash_dividend,,,2017-05-30,False,9d32cbc9-4ed5-4acd-9abe-dcaaf0246575,,2017-05-30,0.89,,cash_dividends,False,HD
,,,,cash_dividend,,,2017-08-29,False,951e5fe9-2252-4726-9668-af7c4807a4b7,,2017-08-29,0.89,,cash_dividends,False,HD
,,,,cash_dividend,,,2017-11-29,False,7b442d52-5151-4f3a-83b2-f71c6ee11c1a,,2017-11-29,0.89,,cash_dividends,False,HD
,,,,cash_dividend,,,2018-03-07,False,1745ec03-e50d-471c-b6ae-f9cb4ecc5f8e,,2018-03-07,1.03,,cash_dividends,False,HD
,,,,cash_dividend,,,2018-05-30,False,869d5104-f749-414a-8611-b1fd47f47780,,2018-05-30,1.03,,cash_dividends,False,HD
,,,,cash_dividend,,,2018-08-29,False,8f8dc71d-e1f6-4b05-9842-334e2c74e1e4,,2018-08-29,1.03,,cash_dividends,False,HD
,,,,cash_dividend,,,2018-11-28,False,cb85bb7e-fefb-4b3f-a477-5a42da0ae947,,2018-11-28,1.03,,cash_dividends,False,HD
,,,,cash_dividend,,,2019-03-13,False,d80fa308-3f03-4747-b7fb-a80aea9cd665,,2019-03-13,1.36,,cash_dividends,False,HD
,,,,cash_dividend,,,2019-06-05,False,818af3c2-6ded-40f5-b07f-858d98698b2b,,2019-06-05,1.36,,cash_dividends,False,HD
,,,,cash_dividend,,,2019-09-04,False,56549b54-52a3-452a-b728-ceca643b8f37,,2019-09-04,1.36,,cash_dividends,False,HD
,,,,cash_dividend,,,2019-12-04,False,0d72a68a-2afb-40e9-bc18-62d23f7dfd94,,2019-12-04,1.36,,cash_dividends,False,HD
,,,,cash_dividend,,,2020-03-11,False,62a8c63e-4bbe-439b-8df9-8eb51d18e856,,2020-03-11,1.5,,cash_dividends,False,HD
,,,,cash_dividend,437076102,,2020-06-03,False,dcba5eee-4287-4b26-bdff-615e9f9e3bc3,2020-06-18,2020-06-18,1.5,2020-06-04,cash_dividends,False,HD
,,,,cash_dividend,437076102,,2020-09-02,False,8280c244-0c38-44be-b858-1cf435603e6d,2020-09-17,2020-09-17,1.5,2020-09-03,cash_dividends,False,HD
,,,,cash_dividend,437076102,,2020-12-02,False,4b5eecfe-18c8-4a8e-9150-62bde7fb43d1,2020-12-17,2020-12-17,1.5,2020-12-03,cash_dividends,False,HD
,,,,cash_dividend,437076102,,2021-03-10,False,ba98fbac-3322-4b99-850e-c163934bfc4b,2021-03-25,2021-03-25,1.65,2021-03-11,cash_dividends,False,HD
,,,,cash_dividend,437076102,,2021-06-02,False,b3ff15db-63a4-4809-9838-b7da6f7f1ce2,2021-06-17,2021-06-17,1.65,2021-06-03,cash_dividends,False,HD
,,,,cash_dividend,437076102,,2021-09-01,False,bb06027c-38a8-4550-b006-459ee13b57bd,2021-09-16,2021-09-16,1.65,2021-09-02,cash_dividends,False,HD
,,,,cash_dividend,437076102,,2021-12-01,False,5096e43e-210c-4408-a657-da7b361abac4,2021-12-16,2021-12-16,1.65,2021-12-02,cash_dividends,False,HD
,,,,cash_dividend,437076102,,2022-03-09,False,8f54fade-60ee-46a9-8e9d-e6e21dace2c2,2022-03-24,2022-03-24,1.9,2022-03-10,cash_dividends,False,HD
,,,,cash_dividend,437076102,,2022-06-01,False,a9ffd112-ff5c-4184-ba37-ec8b7b203198,2022-06-16,2022-06-16,1.9,2022-06-02,cash_dividends,False,HD
,,,,cash_dividend,437076102,,2022-08-31,False,467a71ab-51c0-4344-8a4b-70729e51e163,2022-09-15,2022-09-15,1.9,2022-09-01,cash_dividends,False,HD
,,,,cash_dividend,437076102,,2022-11-30,False,b28cac0a-8f83-47b3-bdd6-5976de7c88c5,2022-12-15,2022-12-15,1.9,2022-12-01,cash_dividends,False,HD
,,,,cash_dividend,437076102,,2023-03-08,False,d4f3d3a7-fb5b-40cb-b130-1a29d75db258,2023-03-23,2023-03-23,2.09,2023-03-09,cash_dividends,False,HD
,,,,cash_dividend,437076102,,2023-05-31,False,b7bb71c2-6ae4-4632-87e5-ef14d10333d0,2023-06-15,2023-06-15,2.09,2023-06-01,cash_dividends,False,HD
,,,,cash_dividend,437076102,,2023-08-30,False,53a7dd12-ddd6-451f-87ea-f450c11d57da,2023-09-14,2023-09-14,2.09,2023-08-31,cash_dividends,False,HD
,,,,cash_dividend,437076102,,2023-11-29,False,46d7c483-45b2-4985-906d-31c1aaa5b1c1,2023-12-14,2023-12-14,2.09,2023-11-30,cash_dividends,False,HD
,,,,cash_dividend,437076102,,2024-03-06,False,9e2c2b6b-8951-4247-b269-b21a3e523e13,2024-03-21,2024-03-21,2.25,2024-03-07,cash_dividends,False,HD
,,,,cash_dividend,437076102,,2024-05-30,False,0e78a16b-42c6-4829-b6ee-58277f7df9ec,2024-06-13,2024-06-13,2.25,2024-05-30,cash_dividends,False,HD
,,,,cash_dividend,437076102,,2024-08-29,False,edcecc26-f73a-40d9-bb27-d7677c9fcd4b,2024-09-12,2024-09-12,2.25,2024-08-29,cash_dividends,False,HD
,,,,cash_dividend,437076102,,2024-11-27,False,57b8819c-cbbc-4058-a6c7-5daa4cb8b49a,2024-12-12,2024-12-12,2.25,2024-11-27,cash_dividends,False,HD
,,,,cash_dividend,437076102,,2025-03-13,False,d4135e7f-0b31-4c39-85fc-eb455dae09ad,2025-03-27,2025-03-27,2.3,2025-03-13,cash_dividends,False,HD
,,,,cash_dividend,437076102,,2025-06-05,False,dab382a2-9ac9-44a0-835b-fe14f0e0a1db,2025-06-18,2025-06-18,2.3,2025-06-05,cash_dividends,False,HD
,,,,cash_dividend,437076102,,2025-09-04,False,3ea8472b-e4c6-419a-b318-d4d0c4fe3bf4,2025-09-18,2025-09-18,2.3,2025-09-04,cash_dividends,False,HD
,,,,cash_dividend,437076102,,2025-12-04,False,ecbe5a01-1f2e-43f5-a022-9b0d39806952,2025-12-18,2025-12-18,2.3,2025-12-04,cash_dividends,False,HD
,,,,cash_dividend,437076102,,2026-03-12,False,3754f863-88a9-4dee-8699-dbc15e39e7f3,2026-03-26,2026-03-26,2.33,2026-03-12,cash_dividends,False,HD
,,,,cash_dividend,437076102,,2026-06-04,False,1cfba50f-18b6-4d0d-8c87-649ed00098cc,2026-06-18,2026-06-18,2.33,2026-06-04,cash_dividends,False,HD
,,,,cash_dividend,437076102,,2026-09-03,False,0521d4e4-b773-4935-9b6d-fcf8aa92c11c,2026-09-17,2026-09-17,2.33,2026-09-03,cash_dividends,False,HD
40416M105,HDS,437076102,HD,cash_merger,,2020-12-24,,,9c75a9d0-1799-420a-8ffe-162a09dc7eab,,2020-12-24,56.0,,cash_mergers,,
36251C103,GMS,437076102,HD,cash_merger,,2025-09-04,,,e82bf905-289b-4e35-8c4c-ed3b257e9ee9,2025-09-05,2025-09-05,110.0,,cash_mergers,,
