action_type,cusip,ex_date,foreign,id,payable_date,process_date,rate,record_date,source_array,special,symbol
cash_dividend,,2016-03-09,False,953d4c31-64f2-40e0-a9a1-c000a9076c34,,2016-03-09,0.0375,,cash_dividends,False,UNF
cash_dividend,,2016-06-08,False,4651a23a-69f9-44ee-bbe0-51596ff02c96,,2016-06-08,0.0375,,cash_dividends,False,UNF
cash_dividend,,2016-09-07,False,fa2fadbd-eb01-4f54-bb9f-016b4d2ed062,,2016-09-07,0.0375,,cash_dividends,False,UNF
cash_dividend,,2016-12-07,False,d9525380-5c04-4795-ae95-68b88e02e509,,2016-12-07,0.0375,,cash_dividends,False,UNF
cash_dividend,,2017-03-08,False,2e6da13f-513a-4849-b204-eb701edb0317,,2017-03-08,0.0375,,cash_dividends,False,UNF
cash_dividend,,2017-06-07,False,931fe2db-fa13-45c7-98a6-5a7da308f667,,2017-06-07,0.0375,,cash_dividends,False,UNF
cash_dividend,,2017-09-07,False,0e7e159c-3e56-41ef-b8c0-14c0b9ec6d9d,,2017-09-07,0.0375,,cash_dividends,False,UNF
cash_dividend,,2017-12-07,False,6f29e502-aef2-40f0-9f61-4b1d60d140f3,,2017-12-07,0.0375,,cash_dividends,False,UNF
cash_dividend,,2018-03-08,False,360bef4c-0c45-423c-8ffd-1accaf0d68fa,,2018-03-08,0.0375,,cash_dividends,False,UNF
cash_dividend,,2018-06-07,False,ebb07bf9-21ee-48fe-b770-868312143e90,,2018-06-07,0.1125,,cash_dividends,False,UNF
cash_dividend,,2018-09-06,False,92e845dc-5ea8-4fd0-8d9e-1cb438adaf6c,,2018-09-06,0.1125,,cash_dividends,False,UNF
cash_dividend,,2018-12-06,False,da573139-3402-405d-86d0-c06a9a99eeb4,,2018-12-06,0.1125,,cash_dividends,False,UNF
cash_dividend,,2019-03-07,False,fcf7d234-447d-48fa-a37b-753545296a05,,2019-03-07,0.1125,,cash_dividends,False,UNF
cash_dividend,,2019-06-06,False,9e819083-9676-4075-8b6c-4bd3c1eefe2d,,2019-06-06,0.1125,,cash_dividends,False,UNF
cash_dividend,,2019-09-05,False,0ad1baaa-26fb-434b-a0b1-2dfbb18d29ec,,2019-09-05,0.1125,,cash_dividends,False,UNF
cash_dividend,,2019-12-05,False,3f4988c6-6349-4147-ac96-5dcae94f524f,,2019-12-05,0.25,,cash_dividends,False,UNF
cash_dividend,904708104,2020-03-06,False,9936ac5d-6afc-4d34-8b47-1908ea5beed7,2020-03-30,2020-03-30,0.25,2020-03-09,cash_dividends,False,UNF
cash_dividend,904708104,2020-06-05,False,59b6bcc3-6a66-4e1c-b3ca-92db97610398,2020-06-29,2020-06-29,0.25,2020-06-08,cash_dividends,False,UNF
cash_dividend,904708104,2020-09-03,False,48ff7414-0204-4bc8-94d1-c352ec3b1b86,2020-09-28,2020-09-28,0.25,2020-09-07,cash_dividends,False,UNF
cash_dividend,904708104,2020-12-04,False,6329ea3c-0e37-4911-a347-30fb894d860b,2021-01-04,2021-01-04,0.25,2020-12-07,cash_dividends,False,UNF
cash_dividend,904708104,2021-03-08,False,15e39366-7f30-4031-bcec-f5b521c20255,2021-03-30,2021-03-30,0.25,2021-03-09,cash_dividends,False,UNF
cash_dividend,904708104,2021-06-07,False,1ca9ff5d-92fd-4815-aab5-9bec72803d3f,2021-06-29,2021-06-29,0.25,2021-06-08,cash_dividends,False,UNF
cash_dividend,904708104,2021-09-03,False,37b270d6-fc1d-49d4-b104-4319378536f7,2021-09-28,2021-09-28,0.25,2021-09-07,cash_dividends,False,UNF
cash_dividend,904708104,2021-12-06,False,e146a47e-206f-475c-989d-7a0d6e050745,2022-01-04,2022-01-04,0.3,2021-12-07,cash_dividends,False,UNF
cash_dividend,904708104,2022-03-08,False,6ce5a885-921e-4cdb-a029-03681cb6abcb,2022-03-30,2022-03-30,0.3,2022-03-09,cash_dividends,False,UNF
cash_dividend,904708104,2022-06-07,False,2bcb4cdb-a334-4f2b-ba21-4bae936a80c6,2022-06-29,2022-06-29,0.3,2022-06-08,cash_dividends,False,UNF
cash_dividend,904708104,2022-09-06,False,6c1d27da-769f-401b-812e-12a2771a1134,2022-09-28,2022-09-28,0.3,2022-09-07,cash_dividends,False,UNF
cash_dividend,904708104,2022-12-06,False,46924b24-57d4-457a-9512-9355e1bc51a0,2023-01-04,2023-01-04,0.31,2022-12-07,cash_dividends,False,UNF
cash_dividend,904708104,2023-03-08,False,7cba42e0-49ac-4e85-bae9-4119a43c15c1,2023-03-30,2023-03-30,0.31,2023-03-09,cash_dividends,False,UNF
cash_dividend,904708104,2023-06-07,False,74911300-d391-4856-bf46-5e099d64d09d,2023-06-29,2023-06-29,0.31,2023-06-08,cash_dividends,False,UNF
cash_dividend,904708104,2023-09-06,False,e7914729-b1f5-43c9-ac92-b5a08e71c02e,2023-09-28,2023-09-28,0.31,2023-09-07,cash_dividends,False,UNF
cash_dividend,904708104,2023-12-06,False,49e9c9c6-d169-4451-9945-7491f5112434,2024-01-04,2024-01-04,0.33,2023-12-07,cash_dividends,False,UNF
cash_dividend,904708104,2024-03-07,False,40db69fe-94e1-4718-af89-2478de902fcb,2024-03-29,2024-03-29,0.33,2024-03-08,cash_dividends,False,UNF
cash_dividend,904708104,2024-06-07,False,faed2541-d179-45be-bc12-adbb0a91caa4,2024-06-28,2024-06-28,0.33,2024-06-07,cash_dividends,False,UNF
cash_dividend,904708104,2024-09-06,False,29987317-98a4-4b46-96bb-e8fe4d0b82e1,2024-09-27,2024-09-27,0.33,2024-09-06,cash_dividends,False,UNF
cash_dividend,904708104,2024-12-06,False,5a332c95-039f-46e0-9e4c-6e03a7b53a13,2025-01-03,2025-01-03,0.35,2024-12-06,cash_dividends,False,UNF
cash_dividend,904708104,2025-03-07,False,4dc7537b-6222-4620-94e0-93d5a96f0a09,2025-03-28,2025-03-28,0.35,2025-03-07,cash_dividends,False,UNF
cash_dividend,904708104,2025-06-06,False,dd48e36e-ddba-4792-9e24-fcf1cf215168,2025-06-27,2025-06-27,0.35,2025-06-06,cash_dividends,False,UNF
cash_dividend,904708104,2025-09-05,False,9c634600-61d6-498b-8bab-5535b0bfc1a6,2025-09-26,2025-09-26,0.35,2025-09-05,cash_dividends,False,UNF
cash_dividend,904708104,2025-12-05,False,cae3c573-aeda-4e15-b790-64e949dd7642,2026-01-02,2026-01-02,0.365,2025-12-05,cash_dividends,False,UNF
cash_dividend,904708104,2026-03-06,False,8f1fb6e0-6526-4768-a458-c30360f94f8d,2026-03-27,2026-03-27,0.365,2026-03-06,cash_dividends,False,UNF
cash_dividend,904708104,2026-06-05,False,7c6f48b1-8209-470d-a1d6-b58d39221aa1,2026-06-26,2026-06-26,0.365,2026-06-05,cash_dividends,False,UNF
