acquiree_cusip,acquiree_symbol,acquirer_cusip,acquirer_symbol,action_type,cusip,due_bill_redemption_date,effective_date,ex_date,foreign,id,new_rate,old_rate,payable_date,process_date,rate,record_date,source_array,special,symbol
,,,,cash_dividend,,,,2016-03-09,False,605fa2a5-df0e-40af-bdf6-1d7d8c370a3f,,,,2016-03-09,0.5,,cash_dividends,False,WMT
,,,,cash_dividend,,,,2016-05-11,False,cb3fd479-1404-4248-b5ea-cc0c0cd8195f,,,,2016-05-11,0.5,,cash_dividends,False,WMT
,,,,cash_dividend,,,,2016-08-10,False,bd4beb56-d6b7-4c0d-a69e-381468b07e4d,,,,2016-08-10,0.5,,cash_dividends,False,WMT
,,,,cash_dividend,,,,2016-12-07,False,0057502d-ee59-495a-996f-ef81f82ab6f1,,,,2016-12-07,0.5,,cash_dividends,False,WMT
,,,,cash_dividend,,,,2017-03-08,False,51ea9a9a-5171-4362-930a-5d9e608ac6fb,,,,2017-03-08,0.51,,cash_dividends,False,WMT
,,,,cash_dividend,,,,2017-05-10,False,1b0fc4f2-9438-4d25-a85e-addd956eb420,,,,2017-05-10,0.51,,cash_dividends,False,WMT
,,,,cash_dividend,,,,2017-08-09,False,828afbe3-a4b8-42d5-816d-fd74b19a92ed,,,,2017-08-09,0.51,,cash_dividends,False,WMT
,,,,cash_dividend,,,,2017-12-07,False,1acc10d6-c85a-4817-a5a3-66cf34bc2649,,,,2017-12-07,0.51,,cash_dividends,False,WMT
,,,,cash_dividend,,,,2018-03-08,False,3f6be246-4969-496f-a93d-a3bf8c0ecaff,,,,2018-03-08,0.52,,cash_dividends,False,WMT
,,,,cash_dividend,,,,2018-05-10,False,887bb11f-9513-42a8-8abe-16b5e4357997,,,,2018-05-10,0.52,,cash_dividends,False,WMT
,,,,cash_dividend,,,,2018-08-09,False,4e606574-320c-4f4a-8dba-fe968266edd8,,,,2018-08-09,0.52,,cash_dividends,False,WMT
,,,,cash_dividend,,,,2018-12-06,False,04a3e44d-6cae-4e20-b6fc-665a58d5cde3,,,,2018-12-06,0.52,,cash_dividends,False,WMT
,,,,cash_dividend,,,,2019-03-14,False,dd7b01ca-5ea5-4351-98de-9e2b62071d28,,,,2019-03-14,0.53,,cash_dividends,False,WMT
,,,,cash_dividend,,,,2019-05-09,False,b8c61dcf-f726-4e3d-b247-71322ade3376,,,,2019-05-09,0.53,,cash_dividends,False,WMT
,,,,cash_dividend,,,,2019-08-08,False,44156dd2-18cb-4a05-b548-259a9e456e66,,,,2019-08-08,0.53,,cash_dividends,False,WMT
,,,,cash_dividend,,,,2019-12-05,False,3b6fc8a9-4c15-4eea-a447-a144ebe799a2,,,,2019-12-05,0.53,,cash_dividends,False,WMT
,,,,cash_dividend,931142103,,,2020-03-19,False,67c6213a-4b20-4554-ac67-32db70cae308,,,2020-04-06,2020-04-06,0.54,2020-03-20,cash_dividends,False,WMT
,,,,cash_dividend,931142103,,,2020-05-07,False,1e70c1fe-3923-4bc2-94ed-d8c4dc816239,,,2020-06-01,2020-06-01,0.54,2020-05-08,cash_dividends,False,WMT
,,,,cash_dividend,931142103,,,2020-08-13,False,3778205a-7032-4530-a1da-8e4fc9d0a587,,,2020-09-08,2020-09-08,0.54,2020-08-14,cash_dividends,False,WMT
,,,,cash_dividend,931142103,,,2020-12-10,False,2e28bc08-e0e2-43ff-b160-f88f9f3e672b,,,2021-01-04,2021-01-04,0.54,2020-12-11,cash_dividends,False,WMT
,,,,cash_dividend,931142103,,,2021-03-18,False,5ab962b7-32f0-4703-8cdd-0600e764ae67,,,2021-04-05,2021-04-05,0.55,2021-03-19,cash_dividends,False,WMT
,,,,cash_dividend,931142103,,,2021-05-06,False,8f180a15-2e48-4cbd-8e81-f3b7446c0533,,,2021-06-01,2021-06-01,0.55,2021-05-07,cash_dividends,False,WMT
,,,,cash_dividend,931142103,,,2021-08-12,False,26d89603-ef18-4aeb-8970-8c037d677c3d,,,2021-09-07,2021-09-07,0.55,2021-08-13,cash_dividends,False,WMT
,,,,cash_dividend,931142103,,,2021-12-09,False,8e7d25ea-fd54-4f36-a2bc-40f5c0f7e0b8,,,2022-01-03,2022-01-03,0.55,2021-12-10,cash_dividends,False,WMT
,,,,cash_dividend,931142103,,,2022-03-17,False,b4780026-4de7-459d-982e-a07b8aa3ec16,,,2022-04-04,2022-04-04,0.56,2022-03-18,cash_dividends,False,WMT
,,,,cash_dividend,931142103,,,2022-05-05,False,f06d80d3-6c14-45d3-9fbc-64dd29dc953d,,,2022-05-31,2022-05-31,0.56,2022-05-06,cash_dividends,False,WMT
,,,,cash_dividend,931142103,,,2022-08-11,False,46c4f75d-dcf9-49ee-92d6-ca8d096da3a1,,,2022-09-06,2022-09-06,0.56,2022-08-12,cash_dividends,False,WMT
,,,,cash_dividend,931142103,,,2022-12-08,False,ec2d7d63-21d6-4a94-97d1-bb048d3de807,,,2023-01-03,2023-01-03,0.56,2022-12-09,cash_dividends,False,WMT
,,,,cash_dividend,931142103,,,2023-03-16,False,44941d92-5001-4804-a9e8-27d64b928eef,,,2023-04-03,2023-04-03,0.57,2023-03-17,cash_dividends,False,WMT
,,,,cash_dividend,931142103,,,2023-05-04,False,b5141235-08ea-4623-ac56-2ea487bad2f3,,,2023-05-30,2023-05-30,0.57,2023-05-05,cash_dividends,False,WMT
,,,,cash_dividend,931142103,,,2023-08-10,False,44d63e2d-7b36-4e10-8bea-4b9e07d3a75f,,,2023-09-05,2023-09-05,0.57,2023-08-11,cash_dividends,False,WMT
,,,,cash_dividend,931142103,,,2023-12-07,False,8b7491b9-bf5a-490f-a803-9f6d029d2d65,,,2024-01-02,2024-01-02,0.57,2023-12-08,cash_dividends,False,WMT
,,,,cash_dividend,931142103,,,2024-03-14,False,f370ccad-8093-43f7-810a-a1cf1f0fa50b,,,2024-04-01,2024-04-01,0.2075,2024-03-15,cash_dividends,False,WMT
,,,,cash_dividend,931142103,,,2024-05-09,False,9050de97-06dc-4bbf-ba21-db6d0f2cce97,,,2024-05-28,2024-05-28,0.2075,2024-05-10,cash_dividends,False,WMT
,,,,cash_dividend,931142103,,,2024-08-16,False,f5587537-faf5-4b64-9ec6-e2fce5a0629f,,,2024-09-03,2024-09-03,0.2075,2024-08-16,cash_dividends,False,WMT
,,,,cash_dividend,931142103,,,2024-12-13,False,66c04053-0b8a-44ae-8f35-bd166f77c87a,,,2025-01-06,2025-01-06,0.2075,2024-12-13,cash_dividends,False,WMT
,,,,cash_dividend,931142103,,,2025-03-21,False,a954a8cc-0803-444b-9957-83905b008291,,,2025-04-07,2025-04-07,0.235,2025-03-21,cash_dividends,False,WMT
,,,,cash_dividend,931142103,,,2025-05-09,False,71c78076-df92-4608-b7d9-ca066f68aa4f,,,2025-05-27,2025-05-27,0.235,2025-05-09,cash_dividends,False,WMT
,,,,cash_dividend,931142103,,,2025-08-15,False,34062784-e1e8-4c4a-aecd-9bdb7312d7af,,,2025-09-02,2025-09-02,0.235,2025-08-15,cash_dividends,False,WMT
,,,,cash_dividend,931142103,,,2025-12-12,False,30ac9e62-036f-4327-83b0-c42e5a16e72d,,,2026-01-05,2026-01-05,0.235,2025-12-12,cash_dividends,False,WMT
,,,,cash_dividend,931142103,,,2026-03-20,False,d11d2a42-2c7b-4e3e-b096-04fbe2abdae2,,,2026-04-06,2026-04-06,0.2475,2026-03-20,cash_dividends,False,WMT
,,,,cash_dividend,931142103,,,2026-05-08,False,3049e6ec-eeed-486f-bf13-97fc44778a0a,,,2026-05-26,2026-05-26,0.2475,2026-05-08,cash_dividends,False,WMT
,,,,cash_dividend,931142103,,,2026-08-21,False,af00c359-cbb4-412c-a7e0-376ec5e95416,,,2026-09-08,2026-09-08,0.2475,2026-08-21,cash_dividends,False,WMT
92858V101,VZIO,931142103,WMT,cash_merger,,,2024-12-03,,,ee627c5f-4eca-4591-b06d-e09f6f8ffad0,,,,2024-12-03,11.5,,cash_mergers,,
,,,,forward_split,931142103,2024-02-27,,2024-02-26,,ec7c676a-2821-4ffb-b09d-5b8e0c086401,3.0,1.0,2024-02-23,2024-02-26,,2024-02-22,forward_splits,,WMT
