acquiree_cusip,acquiree_rate,acquiree_symbol,acquirer_cusip,acquirer_rate,acquirer_symbol,action_type,cusip,effective_date,ex_date,foreign,id,new_cusip,new_symbol,old_cusip,old_symbol,payable_date,process_date,rate,record_date,source_array,special,symbol
,,,,,,cash_dividend,,,2016-02-09,False,26fb4795-58ac-42b4-a502-1d7e379d96de,,,,,,2016-02-09,0.73,,cash_dividends,False,XOM
,,,,,,cash_dividend,,,2016-05-11,False,3c3b7cfb-2470-4e33-8fc8-549533a54621,,,,,,2016-05-11,0.75,,cash_dividends,False,XOM
,,,,,,cash_dividend,,,2016-08-10,False,f21e03fd-b760-4c07-bb94-9e49af5d46a6,,,,,,2016-08-10,0.75,,cash_dividends,False,XOM
,,,,,,cash_dividend,,,2016-11-08,False,83021ee0-1b84-49c2-8092-ece1ab207075,,,,,,2016-11-08,0.75,,cash_dividends,False,XOM
,,,,,,cash_dividend,,,2017-02-08,False,40366746-d09f-4c56-a66f-43db2c362f00,,,,,,2017-02-08,0.75,,cash_dividends,False,XOM
,,,,,,cash_dividend,,,2017-05-10,False,1043f948-f019-4af3-be7a-850e95631571,,,,,,2017-05-10,0.77,,cash_dividends,False,XOM
,,,,,,cash_dividend,,,2017-08-10,False,03cad3f2-4ce7-4ac0-b528-679aeaee613f,,,,,,2017-08-10,0.77,,cash_dividends,False,XOM
,,,,,,cash_dividend,,,2017-11-10,False,b279c89e-eb56-4c5f-ab29-c39c281bc105,,,,,,2017-11-10,0.77,,cash_dividends,False,XOM
,,,,,,cash_dividend,,,2018-02-09,False,e948783c-eca6-4d2a-a8a4-304861a95238,,,,,,2018-02-09,0.77,,cash_dividends,False,XOM
,,,,,,cash_dividend,,,2018-05-11,False,d2af15cf-3bc1-43f6-b630-94afcde3ec05,,,,,,2018-05-11,0.82,,cash_dividends,False,XOM
,,,,,,cash_dividend,,,2018-08-10,False,d92dc873-6b72-42c4-b817-4923e78057ca,,,,,,2018-08-10,0.82,,cash_dividends,False,XOM
,,,,,,cash_dividend,,,2018-11-09,False,5f31cdf8-bb1b-4eff-9c15-f738e1c488ba,,,,,,2018-11-09,0.82,,cash_dividends,False,XOM
,,,,,,cash_dividend,,,2019-02-08,False,520149fc-3186-4043-9bd9-3959a7da4b30,,,,,,2019-02-08,0.82,,cash_dividends,False,XOM
,,,,,,cash_dividend,,,2019-05-10,False,e24d820e-651f-4793-9076-9cb2bcce6164,,,,,,2019-05-10,0.87,,cash_dividends,False,XOM
,,,,,,cash_dividend,,,2019-08-12,False,6737937d-ef87-4521-b3ed-3e1d3d6498b5,,,,,,2019-08-12,0.87,,cash_dividends,False,XOM
,,,,,,cash_dividend,,,2019-11-08,False,e713af28-8821-4d46-a990-b9123c6285f2,,,,,,2019-11-08,0.87,,cash_dividends,False,XOM
,,,,,,cash_dividend,30231G102,,2020-02-10,False,f0321f6a-9a6d-46b9-aabe-42cc824e7b66,,,,,2020-03-10,2020-03-10,0.87,2020-02-11,cash_dividends,False,XOM
,,,,,,cash_dividend,30231G102,,2020-05-12,False,02cbff79-b047-4ded-84e1-f8fb8100cf25,,,,,2020-06-10,2020-06-10,0.87,2020-05-13,cash_dividends,False,XOM
,,,,,,cash_dividend,30231G102,,2020-08-12,False,decbf1dd-d266-42ee-b8a1-807f07c8226a,,,,,2020-09-10,2020-09-10,0.87,2020-08-13,cash_dividends,False,XOM
,,,,,,cash_dividend,30231G102,,2020-11-10,False,47657605-33ad-4fde-9c7e-8ab512784850,,,,,2020-12-10,2020-12-10,0.87,2020-11-12,cash_dividends,False,XOM
,,,,,,cash_dividend,30231G102,,2021-02-09,False,14cfb608-4c85-436b-ab54-152a4a4f4741,,,,,2021-03-10,2021-03-10,0.87,2021-02-10,cash_dividends,False,XOM
,,,,,,cash_dividend,30231G102,,2021-05-12,False,6038d956-7fb4-40a5-b563-aadcf59c5ef7,,,,,2021-06-10,2021-06-10,0.87,2021-05-13,cash_dividends,False,XOM
,,,,,,cash_dividend,30231G102,,2021-08-12,False,3a5aca8f-21cb-43c4-b662-c6bd0a5fe8fb,,,,,2021-09-10,2021-09-10,0.87,2021-08-13,cash_dividends,False,XOM
,,,,,,cash_dividend,30231G102,,2021-11-10,False,1429c08c-ebae-4558-b2b5-92294b2e599a,,,,,2021-12-10,2021-12-10,0.88,2021-11-12,cash_dividends,False,XOM
,,,,,,cash_dividend,30231G102,,2022-02-09,False,8134ee3a-1005-491d-ab91-5dcb86c89b81,,,,,2022-03-10,2022-03-10,0.88,2022-02-10,cash_dividends,False,XOM
,,,,,,cash_dividend,30231G102,,2022-05-12,False,24f7eb06-f0f5-4299-9b28-eb798080debb,,,,,2022-06-10,2022-06-10,0.88,2022-05-13,cash_dividends,False,XOM
,,,,,,cash_dividend,30231G102,,2022-08-11,False,30a2476a-b222-4318-ba09-fb656e04a12b,,,,,2022-09-09,2022-09-09,0.88,2022-08-12,cash_dividends,False,XOM
,,,,,,cash_dividend,30231G102,,2022-11-14,False,fd0ed18f-dba0-48ab-9d99-8795c95cc8ea,,,,,2022-12-09,2022-12-09,0.91,2022-11-15,cash_dividends,False,XOM
,,,,,,cash_dividend,30231G102,,2023-02-13,False,3abaa97d-c7fc-42c3-bb35-8f2bcac33303,,,,,2023-03-10,2023-03-10,0.91,2023-02-14,cash_dividends,False,XOM
,,,,,,cash_dividend,30231G102,,2023-05-15,False,d9e6229a-6b04-4515-999b-fa2d24f29203,,,,,2023-06-09,2023-06-09,0.91,2023-05-16,cash_dividends,False,XOM
,,,,,,cash_dividend,30231G102,,2023-08-15,False,32317125-0610-4017-a00e-5aafcbaa879a,,,,,2023-09-11,2023-09-11,0.91,2023-08-16,cash_dividends,False,XOM
,,,,,,cash_dividend,30231G102,,2023-11-14,False,b9984a76-3404-4d1a-84bb-59edc0733007,,,,,2023-12-11,2023-12-11,0.95,2023-11-15,cash_dividends,False,XOM
,,,,,,cash_dividend,30231G102,,2024-02-13,False,f75feaf3-d443-409f-93a1-10051fc653ce,,,,,2024-03-11,2024-03-11,0.95,2024-02-14,cash_dividends,False,XOM
,,,,,,cash_dividend,30231G102,,2024-05-14,False,18d03ead-9184-44f2-8335-aa8dd4051c30,,,,,2024-06-10,2024-06-10,0.95,2024-05-15,cash_dividends,False,XOM
,,,,,,cash_dividend,30231G102,,2024-08-15,False,c5b19d58-ad9d-4d54-9fc1-39aa02205adb,,,,,2024-09-10,2024-09-10,0.95,2024-08-15,cash_dividends,False,XOM
,,,,,,cash_dividend,30231G102,,2024-11-14,False,783679be-525d-4d18-a5fc-62aaad3252c6,,,,,2024-12-10,2024-12-10,0.99,2024-11-14,cash_dividends,False,XOM
,,,,,,cash_dividend,30231G102,,2025-02-12,False,80b08333-c258-4dc5-a58c-9a2966ed303f,,,,,2025-03-10,2025-03-10,0.99,2025-02-12,cash_dividends,False,XOM
,,,,,,cash_dividend,30231G102,,2025-05-15,False,e951f0a6-b49c-492e-922a-7d1bbd2b2ab0,,,,,2025-06-10,2025-06-10,0.99,2025-05-15,cash_dividends,False,XOM
,,,,,,cash_dividend,30231G102,,2025-08-15,False,4678f638-99c7-4d18-b01d-1eeca6555b50,,,,,2025-09-10,2025-09-10,0.99,2025-08-15,cash_dividends,False,XOM
,,,,,,cash_dividend,30231G102,,2025-11-14,False,6a8377eb-e432-4d2c-ac96-9d66683a8b6d,,,,,2025-12-10,2025-12-10,1.03,2025-11-14,cash_dividends,False,XOM
,,,,,,cash_dividend,30231G102,,2026-02-12,False,349d3e09-eaf0-49d1-be60-2de571045023,,,,,2026-03-10,2026-03-10,1.03,2026-02-12,cash_dividends,False,XOM
,,,,,,cash_dividend,30231G102,,2026-05-15,False,15048505-3db5-4bbb-8f34-a97c56bcc80d,,,,,2026-06-10,2026-06-10,1.03,2026-05-15,cash_dividends,False,XOM
,,,,,,cash_dividend,30233Q108,,2026-08-17,False,e6bc38d2-0d75-4169-85d2-4edcd1f549f7,,,,,2026-09-10,2026-09-10,1.03,2026-08-17,cash_dividends,False,XOM
,,,,,,name_change,,,,,71daae23-2985-4549-870e-a6d678474b6b,30233Q108,XOM,30231G102,XOM,,2026-07-02,,,name_changes,,
24790A101,1.0,DEN,30231G102,0.84,XOM,stock_merger,,2023-11-02,,,6f6688f4-3fde-4886-89e4-26a50f0f52a2,,,,,2023-11-02,2023-11-02,,,stock_mergers,,
723787107,1.0,PXD,30231G102,2.3234,XOM,stock_merger,,2024-05-03,,,db28e8a7-66f6-4c76-ba9c-e87b3060edcd,,,,,2024-05-03,2024-05-03,,,stock_mergers,,
