asset,cohort,feature_reference,financial_reference,capital_effect,positive,beats_best_share,score_corr_best,score_std,score_mean,positive_score_share,score_sessions
SGA,smart20,U59,U59,-0.1213898031782675,0,0.0103425985778926,0.0035756086408342,0.084815227685199099,0.1083867784893809,0.9314802844214608,1547
THO,smart20,U59,U59,0.29859664850046291,1,0.012281835811247499,0.0044028306062282004,0.13492007237646711,0.040904807032127601,0.63413057530704586,1547
XNTK,smart20,U59,U59,-0.0060642003161123998,0,0.0019392372333548,0.0047999466406747999,0.12875330858251291,0.1024203572344347,0.7976729153199742,1547
CIVB,smart20,U59,U59,0,0,0.00064641241111819999,0.0048711326453450996,0.10984677579527059,0.065225114084265706,0.75565610859728505,1547
WDAY,smart20,U59,U59,0.16112791047002889,1,0.026502908855850001,-0.0071024548821993997,0.11169867353563449,0.1433874055090984,0.90820943762120243,1547
EXR,smart20,U59,U59,0.150229785914546,1,0.00064641241111819999,-0.0087546256937571995,0.077735253037425706,0.1282651894311794,0.92954104718810604,1547
PAYX,smart20,U59,U59,0.028050524519439499,1,0.0025856496444731001,-0.0099829107893335996,0.088503291225120198,0.1450200582630439,0.95345830639948281,1547
FMBH,smart20,U59,U59,-0.24432736023145291,0,0.013574660633484101,0.0111423352495598,0.094212512189686806,0.1108241792391393,0.87394957983193278,1547
SBFG,smart20,U59,U59,0.055789240853751899,1,0.00064641241111819999,-0.0151906670635828,0.070851447580678198,0.12189432134304309,0.96897220426632202,1547
ALNY,smart20,U59,U59,-0.25843543337610231,0,0.021331609566903598,0.015986514239589401,0.10276182220835139,0.15154153866424189,0.94699418228830001,1547
SXC,smart20,U59,U59,0.0177801914510296,1,0.00064641241111819999,0.0169719359611674,0.1238769048425967,0.0076748694966563002,0.52488687782805432,1547
ICCC,smart20,U59,U59,-0.16893131948786039,0,0.023917259211376801,0.0170337088337877,0.12467875702166099,0.080946238478909804,0.75565610859728505,1547
XEL,smart20,U59,U59,0.10888550147446199,1,0.0051712992889462999,-0.0179730512962013,0.067473391977657907,0.139697489935765,0.98125404007756944,1547
EBMT,smart20,U59,U59,-0.27497136293672259,0,0.028442146089204898,-0.0189026203787954,0.1047042342780093,0.11820988439850851,0.91208791208791196,1547
VLRS,smart20,U59,U59,-0.62104669349336339,0,0.049773755656108497,-0.019530087777856399,0.1463579824170029,0.1138176613145855,0.78280542986425339,1547
PDFS,smart20,U59,U59,-0.178728825809751,0,0.041370394311570698,-0.025062828950467301,0.1322149336144699,0.096303484423367294,0.77698771816418877,1547
SITC,smart20,U59,U59,-0.39398355324037948,0,0.023917259211376801,0.026639918696294999,0.1410363997390372,0.063558100334030296,0.68778280542986425,1547
FDX,smart20,U59,U59,-0.19931137099998239,0,0.016806722689075598,0.026780834190851401,0.12928085438683939,0.040118437987157397,0.60245636716224948,1547
FNWB,smart20,U59,U59,-0.2032560878178345,0,0.013574660633484101,-0.028389823124181299,0.098242072433991301,0.065040617926988495,0.75048480930833872,1547
MUX,smart20,U59,U59,0.021074263222276901,1,0.0019392372333548,-0.0289947990662037,0.14830234207189741,-0.028268728802457999,0.42986425339366519,1547
