acquiree_cusip,acquiree_rate,acquiree_symbol,acquirer_cusip,acquirer_rate,acquirer_symbol,action_type,cusip,effective_date,ex_date,foreign,id,payable_date,process_date,rate,record_date,source_array,special,symbol
,,,,,,cash_dividend,,,2016-03-11,False,2160d5bc-5e5f-452f-b664-d38b995a8196,,2016-03-11,0.59,,cash_dividends,False,EXR
,,,,,,cash_dividend,,,2016-06-13,False,9d00a76a-ee44-4a2e-8696-4ebd59ca0709,,2016-06-13,0.78,,cash_dividends,False,EXR
,,,,,,cash_dividend,,,2016-09-13,False,d155c27c-ca67-49b9-98cf-59b1bb6fa0e8,,2016-09-13,0.78,,cash_dividends,False,EXR
,,,,,,cash_dividend,,,2016-12-15,False,cfa1b062-a4f1-4f70-8c2c-05cd1e1a282e,,2016-12-15,0.78,,cash_dividends,False,EXR
,,,,,,cash_dividend,,,2017-03-13,False,413d3dca-9699-4968-9827-c7ac3c72cd00,,2017-03-13,0.78,,cash_dividends,False,EXR
,,,,,,cash_dividend,,,2017-06-13,False,06dfbda9-dabf-4b2e-9b7a-8eb5d7e0f213,,2017-06-13,0.78,,cash_dividends,False,EXR
,,,,,,cash_dividend,,,2017-09-14,False,ce9b946d-49a3-4e61-b1e8-3feabdbd8da0,,2017-09-14,0.78,,cash_dividends,False,EXR
,,,,,,cash_dividend,,,2017-12-14,False,07d97831-121d-480c-952b-278e90c976e6,,2017-12-14,0.78,,cash_dividends,False,EXR
,,,,,,cash_dividend,,,2018-03-14,False,f59a44d2-0fdd-4bad-8bd7-1674d2fca1be,,2018-03-14,0.78,,cash_dividends,False,EXR
,,,,,,cash_dividend,,,2018-06-14,False,8f2be206-57e0-4473-a32f-49f930fbc161,,2018-06-14,0.86,,cash_dividends,False,EXR
,,,,,,cash_dividend,,,2018-09-13,False,db7bf555-906c-4dd4-b407-16eca9f3a950,,2018-09-13,0.86,,cash_dividends,False,EXR
,,,,,,cash_dividend,,,2018-12-13,False,20f0271f-b1e8-40e2-9ed6-53cdf80f0e08,,2018-12-13,0.86,,cash_dividends,False,EXR
,,,,,,cash_dividend,,,2019-03-14,False,708f7293-8d4f-4461-822b-2adb9c50bea9,,2019-03-14,0.86,,cash_dividends,False,EXR
,,,,,,cash_dividend,,,2019-06-13,False,b2147f8e-26cb-484f-9b84-e4af13930a2d,,2019-06-13,0.9,,cash_dividends,False,EXR
,,,,,,cash_dividend,30225T102,,2019-09-13,False,68edb150-0e24-49db-a93d-439d035a8a25,2019-09-30,2019-09-30,0.9,2019-09-16,cash_dividends,False,EXR
,,,,,,cash_dividend,30225T102,,2019-12-13,False,de14c5d9-da5d-460c-a27b-0c7d7ee06a4b,2019-12-31,2019-12-31,0.9,2019-12-16,cash_dividends,False,EXR
,,,,,,cash_dividend,30225T102,,2020-03-13,False,736d5111-b431-41d0-9970-4f04cde1e5d1,2020-03-31,2020-03-31,0.9,2020-03-16,cash_dividends,False,EXR
,,,,,,cash_dividend,30225T102,,2020-06-12,False,d729e186-702a-4017-a0e3-ea2b195a41d9,2020-06-30,2020-06-30,0.9,2020-06-15,cash_dividends,False,EXR
,,,,,,cash_dividend,30225T102,,2020-09-14,False,2518373f-4c2b-4eb0-9791-e7357cbcd4ed,2020-09-30,2020-09-30,0.9,2020-09-15,cash_dividends,False,EXR
,,,,,,cash_dividend,30225T102,,2020-12-14,False,59430baa-6b00-4728-b811-f54d9bafd208,2020-12-31,2020-12-31,0.9,2020-12-15,cash_dividends,False,EXR
,,,,,,cash_dividend,30225T102,,2021-03-12,False,930df78f-ce47-4424-a2e4-8e4d038efd00,2021-03-31,2021-03-31,1.0,2021-03-15,cash_dividends,False,EXR
,,,,,,cash_dividend,30225T102,,2021-06-14,False,2bdce426-ab01-4424-a2a6-6767f46c16cd,2021-06-30,2021-06-30,1.0,2021-06-15,cash_dividends,False,EXR
,,,,,,cash_dividend,30225T102,,2021-09-14,False,fe2cb936-c0c9-42ed-90c1-81736ead4038,2021-09-30,2021-09-30,1.25,2021-09-15,cash_dividends,False,EXR
,,,,,,cash_dividend,30225T102,,2021-12-14,False,7a117c09-b6ed-44b2-b2da-99cd3a2a281b,2021-12-31,2021-12-31,1.25,2021-12-15,cash_dividends,False,EXR
,,,,,,cash_dividend,30225T102,,2022-03-14,False,f7603e29-f00d-4105-8bfb-b55431f146b9,2022-03-31,2022-03-31,1.5,2022-03-15,cash_dividends,False,EXR
,,,,,,cash_dividend,30225T102,,2022-06-14,False,34c68f88-653c-4e9c-b649-6caa441ccc3d,2022-06-30,2022-06-30,1.5,2022-06-15,cash_dividends,False,EXR
,,,,,,cash_dividend,30225T102,,2022-09-14,False,4e529dde-8331-4e22-a01e-07beadf4de5b,2022-09-30,2022-09-30,1.5,2022-09-15,cash_dividends,False,EXR
,,,,,,cash_dividend,30225T102,,2022-12-13,False,09cc0549-902e-4169-84e9-de0e51b6f70a,2022-12-30,2022-12-30,1.5,2022-12-14,cash_dividends,False,EXR
,,,,,,cash_dividend,30225T102,,2023-03-14,False,64c0f53b-a309-4c34-ac23-d218cde7cfaa,2023-03-31,2023-03-31,1.62,2023-03-15,cash_dividends,False,EXR
,,,,,,cash_dividend,30225T102,,2023-06-14,False,08a0793b-6da3-45d8-b443-952918c5b323,2023-06-30,2023-06-30,1.62,2023-06-15,cash_dividends,False,EXR
,,,,,,cash_dividend,30225T102,,2023-07-12,False,a4b2421d-b483-4e71-b04a-ebf57d43864c,2023-07-19,2023-07-19,1.01,2023-07-13,cash_dividends,False,EXR
,,,,,,cash_dividend,30225T102,,2023-09-14,False,97b6d811-cec0-428b-93a8-49e259f70233,2023-09-29,2023-09-29,0.61,2023-09-15,cash_dividends,False,EXR
,,,,,,cash_dividend,30225T102,,2023-12-14,False,92dc94dd-cc25-4a9f-9c10-57411bafa271,2023-12-29,2023-12-29,1.62,2023-12-15,cash_dividends,False,EXR
,,,,,,cash_dividend,30225T102,,2024-03-14,False,59661c72-87fb-42b9-b8d8-6a663e3bf6ad,2024-04-02,2024-04-01,1.62,2024-03-15,cash_dividends,False,EXR
,,,,,,cash_dividend,30225T102,,2024-06-14,False,2167962b-01df-4988-8e3a-799ef93de370,2024-06-28,2024-06-28,1.62,2024-06-14,cash_dividends,False,EXR
,,,,,,cash_dividend,30225T102,,2024-09-16,False,1851ceba-5d77-4dc7-ae8f-30793252dbcd,2024-09-30,2024-09-30,1.62,2024-09-16,cash_dividends,False,EXR
,,,,,,cash_dividend,30225T102,,2024-12-16,False,95eda646-5315-4aa8-93b4-d1c5fe8ae653,2024-12-31,2024-12-31,1.62,2024-12-16,cash_dividends,False,EXR
,,,,,,cash_dividend,30225T102,,2025-03-14,False,7dba6f76-439b-4d34-a780-3cd41e80a5d1,2025-03-31,2025-03-31,1.62,2025-03-14,cash_dividends,False,EXR
,,,,,,cash_dividend,30225T102,,2025-06-16,False,8f321480-086c-40bb-bf07-526ec6d90a14,2025-06-30,2025-06-30,1.62,2025-06-16,cash_dividends,False,EXR
,,,,,,cash_dividend,30225T102,,2025-09-15,False,7474bd82-00ab-47db-b526-1668f1fcb2aa,2025-09-30,2025-09-30,1.62,2025-09-15,cash_dividends,False,EXR
,,,,,,cash_dividend,30225T102,,2025-12-15,False,01933e19-574d-48d9-8d87-60ef185b72cf,2025-12-31,2025-12-31,1.62,2025-12-15,cash_dividends,False,EXR
,,,,,,cash_dividend,30225T102,,2026-03-16,False,df71b5f9-c4be-47ea-ac13-6190f047d293,2026-03-31,2026-03-31,1.62,2026-03-16,cash_dividends,False,EXR
,,,,,,cash_dividend,30225T102,,2026-06-15,False,bc6f5a16-020e-487e-a4c4-9debde71d922,2026-06-30,2026-06-30,1.62,2026-06-15,cash_dividends,False,EXR
,,,,,,cash_dividend,30225T102,,2026-09-15,False,259d903a-1234-4c4d-a375-74432b9834ae,2026-09-30,2026-09-30,1.62,2026-09-15,cash_dividends,False,EXR
53223X107,1.0,LSI,30225T102,0.895,EXR,stock_merger,,2023-07-20,,,728f8cb2-a00e-4bc7-ad14-d15fe82bbcff,2023-07-20,2023-07-20,,,stock_mergers,,
