action_type,cusip,ex_date,foreign,id,payable_date,process_date,rate,record_date,source_array,special,symbol
cash_dividend,,2016-03-11,False,789e4f7d-2461-4d12-8188-2ebefe3ed8f8,,2016-03-11,0.34,,cash_dividends,False,XEL
cash_dividend,,2016-06-14,False,58c5774c-12ff-4f29-a566-11e5e91a2a44,,2016-06-14,0.34,,cash_dividends,False,XEL
cash_dividend,,2016-09-13,False,e038d462-efc2-4863-8faf-e3c0c48f1488,,2016-09-13,0.34,,cash_dividends,False,XEL
cash_dividend,,2016-12-22,False,fc9b86be-bcf9-4ed5-a2ad-e063fc1c455f,,2016-12-22,0.34,,cash_dividends,False,XEL
cash_dividend,,2017-03-13,False,819b7a18-bdf5-44b5-8194-50b4941b72bd,,2017-03-13,0.36,,cash_dividends,False,XEL
cash_dividend,,2017-06-13,False,1f547b20-ac7b-4b19-82bc-cbafb3700da3,,2017-06-13,0.36,,cash_dividends,False,XEL
cash_dividend,,2017-09-14,False,624f7376-951b-4090-a29c-5e7563dae88d,,2017-09-14,0.36,,cash_dividends,False,XEL
cash_dividend,,2017-12-27,False,ab74eba7-84a4-4e58-b408-2dd3aaaa77d9,,2017-12-27,0.36,,cash_dividends,False,XEL
cash_dividend,,2018-03-14,False,7d9b5c18-753a-4786-b98e-d07a934ea2af,,2018-03-14,0.38,,cash_dividends,False,XEL
cash_dividend,,2018-06-14,False,be3cf394-3b94-4001-85d8-d094c382da1c,,2018-06-14,0.38,,cash_dividends,False,XEL
cash_dividend,,2018-09-13,False,1b8634af-d2e1-418e-905e-b51036971208,,2018-09-13,0.38,,cash_dividends,False,XEL
cash_dividend,,2018-12-27,False,984863c9-6ce1-4d57-968f-763b32c0a973,,2018-12-27,0.38,,cash_dividends,False,XEL
cash_dividend,,2019-03-14,False,d4240193-f824-4629-8336-d010837886c8,,2019-03-14,0.405,,cash_dividends,False,XEL
cash_dividend,,2019-06-13,False,80e1de30-4af8-4675-9e81-1e728dec0072,,2019-06-13,0.405,,cash_dividends,False,XEL
cash_dividend,,2019-09-12,False,bfc9b7bd-aacc-43de-932c-6725d831ec9b,,2019-09-12,0.405,,cash_dividends,False,XEL
cash_dividend,,2019-12-24,False,ca3df3db-385e-448c-bf7c-55063e7367f8,,2019-12-24,0.405,,cash_dividends,False,XEL
cash_dividend,98389B100,2020-03-12,False,45c20bb0-892a-4435-8eaa-672ff8f868b0,2020-04-20,2020-04-20,0.43,2020-03-13,cash_dividends,False,XEL
cash_dividend,98389B100,2020-06-12,False,84eb5b34-0126-47f7-9771-bd5474770bcd,2020-07-20,2020-07-20,0.43,2020-06-15,cash_dividends,False,XEL
cash_dividend,98389B100,2020-09-14,False,94b9eae8-6658-4f2c-a88b-77febc13d8d5,2020-10-20,2020-10-20,0.43,2020-09-15,cash_dividends,False,XEL
cash_dividend,98389B100,2020-12-22,False,07cee469-306a-46c5-acc0-0375b18d6bf7,2021-01-20,2021-01-20,0.43,2020-12-23,cash_dividends,False,XEL
cash_dividend,98389B100,2021-03-12,False,b171254f-56e1-4dc4-81d5-0bebcd42bc6d,2021-04-20,2021-04-20,0.4575,2021-03-15,cash_dividends,False,XEL
cash_dividend,98389B100,2021-06-14,False,2a510655-483d-482c-9401-d6e336b56306,2021-07-20,2021-07-20,0.4575,2021-06-15,cash_dividends,False,XEL
cash_dividend,98389B100,2021-09-14,False,e20f8f4e-cb3b-4537-82dc-ea588948e6a0,2021-10-20,2021-10-20,0.4575,2021-09-15,cash_dividends,False,XEL
cash_dividend,98389B100,2021-12-21,False,5d4833de-223a-4714-b420-c783a175cd32,2022-01-20,2022-01-20,0.4575,2021-12-22,cash_dividends,False,XEL
cash_dividend,98389B100,2022-03-14,False,1d3bf81d-2548-4187-a9a6-a5d7bc12813d,2022-04-20,2022-04-20,0.4875,2022-03-15,cash_dividends,False,XEL
cash_dividend,98389B100,2022-06-14,False,1a60f9d9-0807-483f-9cef-29e1df664b99,2022-07-20,2022-07-20,0.4875,2022-06-15,cash_dividends,False,XEL
cash_dividend,98389B100,2022-09-14,False,97f4b9ba-f65b-4aeb-a2a9-66573645892c,2022-10-20,2022-10-20,0.4875,2022-09-15,cash_dividends,False,XEL
cash_dividend,98389B100,2022-12-28,False,3187be79-5c41-4be6-a262-94de08220b34,2023-01-20,2023-01-20,0.4875,2022-12-29,cash_dividends,False,XEL
cash_dividend,98389B100,2023-03-14,False,92894f65-bfae-4c57-8305-f4430321c7e4,2023-04-20,2023-04-20,0.52,2023-03-15,cash_dividends,False,XEL
cash_dividend,98389B100,2023-06-14,False,c228dc1e-3f80-491c-8eb1-2c9f34ce5ee7,2023-07-20,2023-07-20,0.52,2023-06-15,cash_dividends,False,XEL
cash_dividend,98389B100,2023-09-14,False,afbc6f19-b32c-49c9-861f-7676f06c2347,2023-10-20,2023-10-20,0.52,2023-09-15,cash_dividends,False,XEL
cash_dividend,98389B100,2023-12-27,False,619f160a-d6c7-411d-8827-46b693ba298e,2024-01-23,2024-01-23,0.52,2023-12-28,cash_dividends,False,XEL
cash_dividend,98389B100,2024-03-14,False,106991d7-6b43-4a9b-b680-dc49d6d03ec5,2024-04-23,2024-04-22,0.5475,2024-03-15,cash_dividends,False,XEL
cash_dividend,98389B100,2024-06-14,False,a789bd9f-2a40-4c63-b8d1-233900c325eb,2024-06-20,2024-06-20,0.5475,2024-06-14,cash_dividends,False,XEL
cash_dividend,98389B100,2024-06-14,False,fbeda605-1cd1-48ba-ad66-4e2b0d6d9cb7,2024-07-22,2024-07-22,0.5475,2024-06-14,cash_dividends,False,XEL
cash_dividend,98389B100,2024-09-13,False,8305a0ac-b701-4cc2-92dd-7fbce50c3d51,2024-10-20,2024-10-21,0.5475,2024-09-13,cash_dividends,False,XEL
cash_dividend,98389B100,2025-01-06,False,b7f0b8c7-1249-4a8e-82ca-9e1c4df50304,2025-01-20,2025-01-21,0.5475,2025-01-06,cash_dividends,False,XEL
cash_dividend,98389B100,2025-03-14,False,2b23ed5e-d6f9-47cb-93df-e0180bc376fd,2025-04-20,2025-04-21,0.57,2025-03-14,cash_dividends,False,XEL
cash_dividend,98389B100,2025-06-13,False,a675c078-8465-41c2-a425-d7791360d023,2025-07-20,2025-07-21,0.57,2025-06-13,cash_dividends,False,XEL
cash_dividend,98389B100,2025-09-15,False,ac70aa95-6dfe-4ee1-8607-3ca111814637,2025-10-20,2025-10-20,0.57,2025-09-15,cash_dividends,False,XEL
cash_dividend,98389B100,2025-12-29,False,984b1c15-c93b-4888-b99e-9c5688568d34,2026-01-20,2026-01-20,0.57,2025-12-29,cash_dividends,False,XEL
cash_dividend,98389B100,2026-03-13,False,454da0b2-b961-47a8-ac4c-425698aac430,2026-04-20,2026-04-20,0.5925,2026-03-13,cash_dividends,False,XEL
cash_dividend,98389B100,2026-06-15,False,bd41b2f2-c89a-4caf-b8b2-ddbdbf0b2fe5,2026-07-20,2026-07-20,0.5925,2026-06-15,cash_dividends,False,XEL
